_id,isPb,wpm,acc,rawWpm,consistency,charStats,mode,mode2,quoteLength,restartCount,testDuration,afkDuration,incompleteTestSeconds,punctuation,numbers,language,funbox,difficulty,lazyMode,blindMode,bailedOut,tags,timestamp
682b0d43df21a5c1da8e1acc,,62.34,93.02,62.34,53.49,78;0;0;0,time,15,-1,0,15.01,0,0,false,false,indonesian,,normal,false,false,false,,1747651907000
682b0d2edf21a5c1da8e19f1,,69.55,92.55,69.55,55.49,87;0;0;0,time,15,-1,0,15.01,0,0,false,false,indonesian,,normal,false,false,false,,1747651886000
6829da6fdf21a5c1da82a014,,63.15,92.13,63.15,58.08,79;0;0;0,time,15,-1,0,15.01,0,0,false,false,indonesian,,normal,false,false,false,,1747573359000
6829da5ddf21a5c1da829f55,,81.54,93.75,87.14,73.28,102;2;1;0,time,15,-1,1,15.01,0,1.37,false,false,indonesian,,normal,false,false,false,,1747573341000
6826d966df21a5c1da65b2ea,,77.59,96.19,81.59,81.19,97;2;0;0,time,15,-1,1,15,0,3.28,false,false,indonesian,,normal,false,false,false,,1747376486000
6826d94fdf21a5c1da65b201,,75.99,93.14,75.99,64.72,95;0;0;0,time,15,-1,0,15,0,0,false,false,indonesian,,normal,false,false,false,,1747376463000
6826d93edf21a5c1da65b144,,79.19,97.25,79.19,63.61,99;0;0;0,time,15,-1,0,15,0,0,false,false,indonesian,,normal,false,false,false,,1747376446000
682581c8df21a5c1da55baab,,81.57,99.05,81.57,62.76,102;0;0;0,time,15,-1,2,15.01,0,4.1,false,false,indonesian,,normal,false,false,false,,1747288520000
682581b1df21a5c1da55b9d1,,79.98,92.59,79.98,65.91,100;0;0;0,time,15,-1,1,15,0,2.53,false,false,indonesian,,normal,false,false,false,,1747288497000
6825819bdf21a5c1da55b90b,,84.76,96.36,84.76,67.48,106;0;0;0,time,15,-1,2,15.01,0,17.29,false,false,indonesian,,normal,false,false,false,,1747288475000
6825459fdf21a5c1da538a40,,67.97,88.24,72.77,61.22,85;0;0;1,time,15,-1,5,15.01,0,12.73,false,false,indonesian,,normal,false,false,false,,1747273119000
6824105ddf21a5c1da44dc7c,,76.75,95.19,81.55,61.51,96;1;1;0,time,15,-1,1,15.01,1,2.37,false,false,indonesian,,normal,false,false,false,,1747193949000
68241048df21a5c1da44dbca,,76.79,97.03,76.79,63.45,96;0;0;0,time,15,-1,1,15,0,0.06,false,false,indonesian,,normal,false,false,false,,1747193928000
6823eef2df21a5c1da43b3e5,,71.13,96.74,71.13,62.9,89;0;0;0,time,15,-1,1,15.01,0,1.14,false,false,indonesian,,normal,false,false,false,,1747185394000
6822d4e9df21a5c1da35f9d9,,67.89,94.51,67.89,59.44,85;0;0;0,time,15,-1,0,15.02,0,0,false,false,indonesian,,normal,false,false,false,,1747113193000
682216f9df21a5c1da2dbb77,,83.19,93.91,89.59,75.87,104;3;0;0,time,15,-1,0,15,0,0,false,false,indonesian,,normal,false,false,false,,1747064569000
682216e8df21a5c1da2dba30,,83.02,96.36,83.02,67.1,104;0;0;0,time,15,-1,2,15.03,0,3.59,false,false,indonesian,,normal,false,false,false,,1747064552000
682216d2df21a5c1da2db87c,,75.15,92.11,89.54,75.13,94;5;0;1,time,15,-1,0,15.01,0,0,false,false,indonesian,,normal,false,false,false,,1747064530000
682216bcdf21a5c1da2db6e6,,91.13,98.28,91.13,74.81,114;0;0;0,time,15,-1,0,15.01,0,0,false,false,indonesian,,normal,false,false,false,,1747064508000
682213dddf21a5c1da2d8412,,69.57,95.6,69.57,63.17,87;0;0;0,time,15,-1,0,15.01,0,0,false,false,indonesian,,normal,false,false,false,,1747063773000
682213cbdf21a5c1da2d82c0,,73.55,94.85,73.55,59.36,92;0;0;0,time,15,-1,0,15.01,0,0,false,false,indonesian,,normal,false,false,false,,1747063755000
68217b99df21a5c1da26184d,,80.78,96.19,80.78,63.87,101;0;0;0,time,15,-1,0,15,0,0,false,false,indonesian,,normal,false,false,false,,1747024793000
6820cf2adf21a5c1da20b6bd,,86.32,97.3,86.32,82.35,108;0;0;0,time,15,-1,4,15.01,0,16.65,false,false,indonesian,,normal,false,false,false,,1746980650000
6820cf05df21a5c1da20b4f6,,80.79,97.14,80.79,70.96,101;0;0;0,time,15,-1,0,15,0,0,false,false,indonesian,,normal,false,false,false,,1746980613000
6820b7cddf21a5c1da1fbc74,,76.78,97.14,82.37,74.98,96;1;0;0,time,15,-1,2,15,0,9.56,false,false,indonesian,,normal,false,false,false,,1746974669000
6820b45ddf21a5c1da1f9596,,72.76,92.93,72.76,68.32,91;0;0;0,time,15,-1,2,15.01,0,4.58,false,false,indonesian,,normal,false,false,false,,1746973789000
6820b447df21a5c1da1f94ad,,76.8,96.04,76.8,64.26,96;0;0;0,time,15,-1,0,15,0,0,false,false,indonesian,,normal,false,false,false,,1746973767000
6820b436df21a5c1da1f93f3,,80,94.55,84,70.69,100;2;0;0,time,15,-1,2,15,0,5.22,false,false,indonesian,,normal,false,false,false,,1746973750000
6820b41edf21a5c1da1f9312,,78.28,95.15,78.28,69.52,98;0;0;0,time,15,-1,0,15.02,0,0,false,false,indonesian,,normal,false,false,false,,1746973726000
6820b40edf21a5c1da1f9250,,74.37,94.17,74.37,65.19,93;0;0;0,time,15,-1,2,15.01,0,3.78,false,false,indonesian,,normal,false,false,false,,1746973710000
6820b3f6df21a5c1da1f9128,,71.96,93.94,71.96,62.98,90;0;0;0,time,15,-1,0,15.01,0,0,false,false,indonesian,,normal,false,false,false,,1746973686000
6820b3e3df21a5c1da1f9057,,86.29,96.49,86.29,75.13,108;0;0;0,time,15,-1,0,15.02,0,0,false,false,indonesian,,normal,false,false,false,,1746973667000
6820b3d0df21a5c1da1f8f80,,83.17,99.05,83.17,67.85,104;0;0;0,time,15,-1,0,15.01,0,0,false,false,indonesian,,normal,false,false,false,,1746973648000
6819abb5df21a5c1dad49764,,75.98,95.96,75.98,72.45,95;0;0;0,time,15,-1,0,15,0,0,false,false,indonesian,,normal,false,false,false,,1746512821000
6819ab22df21a5c1dad49160,,74.3,94.9,74.3,66.53,93;0;0;0,time,15,-1,0,15.02,0,0,false,false,indonesian,,normal,false,false,false,,1746512674000
6819ab10df21a5c1dad490b7,,60.72,91.57,60.72,49.48,76;0;0;0,time,15,-1,0,15.02,0,0,false,false,indonesian,,normal,false,false,false,,1746512656000
68196348df21a5c1dad1f535,,70.34,95.7,70.34,59.14,88;0;0;0,time,15,-1,1,15.01,0,0.04,false,false,indonesian,,normal,false,false,false,,1746494280000
6818de38df21a5c1dacbaf6b,,83.9,95.61,88.7,72.49,105;2;0;0,time,15,-1,0,15.02,0,0,false,false,indonesian,,normal,false,false,false,,1746460216000
6818afd9f90991882eff4ed0,,77.57,98.99,77.57,77.32,97;0;0;0,time,15,-1,0,15.01,0,0,false,false,indonesian,,normal,false,false,false,,1746448345000
6818afc8f90991882eff4dd9,,72.8,95.79,72.8,69.68,91;0;0;0,time,15,-1,0,15,0,0,false,false,indonesian,,normal,false,false,false,,1746448328000
6818afb6f90991882eff4cea,,54.39,89.89,62.39,49.56,68;3;0;0,time,15,-1,2,15,0,5.8,false,false,indonesian,,normal,false,false,false,,1746448310000
68130571f90991882ec69b16,,80.77,98.17,86.36,75.66,101;0;0;1,time,15,-1,0,15.01,0,0,false,false,indonesian,,normal,false,false,false,,1746077041000
6813055bf90991882ec69a5a,,65.59,88.17,65.59,59.14,82;0;0;0,time,15,-1,3,15,0,6.56,false,false,indonesian,,normal,false,false,false,,1746077019000
680f336c48f68b9fff33831f,,85.59,98.17,85.59,77.27,107;0;0;0,time,15,-1,1,15,0,1.78,false,false,indonesian,,normal,false,false,false,,1745826667000
680f335448f68b9fff33821f,,79.96,96.15,79.96,71.9,100;0;0;0,time,15,-1,0,15.01,0,0,false,false,indonesian,,normal,false,false,false,,1745826644000
680e5ab748f68b9fff2c0db0,,91.19,98.28,91.19,74.37,114;0;0;0,time,15,-1,1,15,0,1.12,false,false,indonesian,,normal,false,false,false,,1745771191000
680e319548f68b9fff2a4a48,,73.58,95.96,77.58,77.32,92;2;0;0,time,15,-1,0,15,0,0,false,false,indonesian,,normal,false,false,false,,1745760661000
680ae007571a92858c8f7bd2,,90.37,99.12,90.37,76.56,113;0;0;0,time,15,-1,0,15,0,0,false,false,indonesian,,normal,false,false,false,,1745543175000
680adff4571a92858c8f7b32,,59.97,85.71,63.97,59.89,75;3;0;0,time,15,-1,2,15.01,0,6.88,false,false,indonesian,,normal,false,false,false,,1745543156000
680adfdb571a92858c8f7a98,,70.34,90.72,70.34,63.04,88;0;0;0,time,15,-1,2,15.01,0,3.62,false,false,indonesian,,normal,false,false,false,,1745543131000
6802779b571a92858c3842c9,,67.98,90.53,68.78,60.22,85;1;0;0,time,15,-1,0,15,0,0,false,false,indonesian,,normal,false,false,false,,1744992155000
6802778b571a92858c3841df,,57.6,89.02,57.6,49.74,72;0;0;0,time,15,-1,1,15,0,4.02,false,false,indonesian,,normal,false,false,false,,1744992139000
68027774571a92858c38409c,,71.17,91.09,71.17,61.87,89;0;0;0,time,15,-1,0,15.01,0,0,false,false,indonesian,,normal,false,false,false,,1744992116000
68027764571a92858c383fb3,,68.77,91.58,69.57,59.39,86;1;0;0,time,15,-1,0,15.01,0,0,false,false,indonesian,,normal,false,false,false,,1744992100000
68027677571a92858c3832f8,,70.36,93.68,70.36,65.1,88;0;0;0,time,15,-1,0,15.01,0,0,false,false,indonesian,,normal,false,false,false,,1744991863000
6802765f571a92858c3831c6,,65.55,93.48,69.54,58.84,82;1;0;0,time,15,-1,2,15.01,0,6.89,false,false,indonesian,,normal,false,false,false,,1744991839000
68027644571a92858c38302b,,70.38,92.63,70.38,69.68,88;0;0;0,time,15,-1,0,15.01,0,0,false,false,indonesian,,normal,false,false,false,,1744991812000
6801f84b435c447d2b79bc9f,,79.13,96.15,79.13,70.93,99;0;0;0,time,15,-1,0,15.01,0,0,false,false,indonesian,,normal,false,false,false,,1744959563000
6801f838435c447d2b79bbe3,,77.58,95.1,77.58,77.09,97;0;0;0,time,15,-1,2,15,0,14.33,false,false,indonesian,,normal,false,false,false,,1744959544000
6801f816435c447d2b79baa5,,75.92,95.96,75.92,68.81,95;0;0;0,time,15,-1,0,15.02,0,0,false,false,indonesian,,normal,false,false,false,,1744959510000
6801f803435c447d2b79ba05,true,95.96,97.62,98.36,79.24,120;1;0;0,time,15,-1,1,15.01,0,10.73,false,false,indonesian,,normal,false,false,false,,1744959491000
6801f7de435c447d2b79b8b8,,62.39,95.4,62.39,58.18,78;0;0;0,time,15,-1,0,15,0,0,false,false,indonesian,,normal,false,false,false,,1744959454000
67ff29ce435c447d2b5a67c5,,76.72,95.15,76.72,62.46,96;0;0;0,time,15,-1,0,15.01,0,0,false,false,indonesian,,normal,false,false,false,,1744775630000
67fca5c42c70a16b7eeabcbe,,76.8,97.06,76.8,61.22,96;0;0;0,time,15,-1,0,15,0,0,false,false,indonesian,,normal,false,false,false,,1744610756000
67fca5b32c70a16b7eeabbfd,,78.37,93.33,78.37,67.01,98;0;0;0,time,15,-1,4,15.01,0,7.67,false,false,indonesian,,normal,false,false,false,,1744610739000
67fca5472c70a16b7eeab779,,65.6,90.43,65.6,58.23,82;0;0;0,time,15,-1,0,15,0,0,false,false,indonesian,,normal,false,false,false,,1744610631000
67fca5382c70a16b7eeab6d8,,59.95,85.56,64.74,59.66,75;4;0;0,time,15,-1,0,15.01,0,0,false,false,indonesian,,normal,false,false,false,,1744610616000
67fa7fe52c70a16b7ed8852c,,67.19,89.47,67.19,66.06,84;0;0;0,time,15,-1,0,15,0,0,false,false,indonesian,,normal,false,false,false,,1744469989000
67fa7cb22c70a16b7ed861eb,true,91.97,98.31,91.97,77.32,115;0;0;0,time,15,-1,0,15,0,0,false,false,indonesian,,normal,false,false,false,,1744469170000
67fa7ca12c70a16b7ed86152,,75.93,94.23,79.13,75.6,95;1;0;0,time,15,-1,0,15.01,0,0,false,false,indonesian,,normal,false,false,false,,1744469153000
67fa7c902c70a16b7ed86095,,56.75,92.41,56.75,50.36,71;0;0;0,time,15,-1,0,15.01,0,0,false,false,indonesian,,normal,false,false,false,,1744469135000
67f6282a2c70a16b7ea7084f,,75.18,95,75.18,71.72,94;0;0;0,time,15,-1,0,15,0,0,false,false,indonesian,,normal,false,false,false,,1744185386000
67f628172c70a16b7ea7076a,,75.98,95,75.98,63.82,95;0;0;0,time,15,-1,0,15,0,0,false,false,indonesian,,normal,false,false,false,,1744185367000
67f628052c70a16b7ea7068a,,52.74,89.47,52.74,56.52,66;0;0;0,time,15,-1,1,15.02,0,8.16,false,false,indonesian,,normal,false,false,false,,1744185349000
67f625d82c70a16b7ea6ef79,,78.38,96.08,78.38,73.59,98;0;0;0,time,15,-1,2,15,0,2.85,false,false,indonesian,,normal,false,false,false,,1744184792000
67f625bf2c70a16b7ea6ee68,,83.98,97.22,83.98,77.21,105;0;0;0,time,15,-1,1,15,0,1.6,false,false,indonesian,,normal,false,false,false,,1744184767000
67ee089d1b4e1d1a383ae688,,79.17,98.02,79.17,77.99,99;0;0;0,time,15,-1,0,15.01,0,0,false,false,indonesian,,normal,false,false,false,,1743653021000
67ee088b1b4e1d1a383ae5e3,,65.58,93.18,65.58,67.15,82;0;0;0,time,15,-1,0,15,0,0,false,false,indonesian,,normal,false,false,false,,1743653003000
67ecefc11d4f6d42a882d20a,,79.96,97.12,79.96,74.49,100;0;0;0,time,15,-1,2,15.01,0,6.75,false,false,indonesian,,normal,false,false,false,,1743581121000
67eae70f1d4f6d42a86ccc73,,77.55,95.19,81.55,69.08,97;4;0;0,time,15,-1,0,15.01,0,0,false,false,indonesian,,normal,false,false,false,,1743447823000
67eae6fd1d4f6d42a86ccba9,,66.36,93.26,66.36,63.36,83;0;0;0,time,15,-1,0,15.01,0,0,false,false,indonesian,,normal,false,false,false,,1743447805000
67eae6eb1d4f6d42a86ccad3,,61.59,95.4,67.99,69.03,77;2;0;0,time,15,-1,0,15,0,0,false,false,indonesian,,normal,false,false,false,,1743447787000
67eae6d71d4f6d42a86cc9df,,63.93,93.26,63.93,56.32,80;0;0;0,time,15,-1,1,15.02,0,0.83,false,false,indonesian,,normal,false,false,false,,1743447767000
67eae49a1d4f6d42a86cab4d,,71.2,93.68,72,60.63,89;1;0;0,time,15,-1,0,15,0,0,false,false,indonesian,,normal,false,false,false,,1743447194000
67eae48a1d4f6d42a86caa83,,60.78,85.56,60.78,64.01,76;0;0;0,time,15,-1,1,15.01,0,0.55,false,false,indonesian,,normal,false,false,false,,1743447178000
67ead5c81d4f6d42a86bca77,,75.18,93.2,75.18,62.84,94;0;0;0,time,15,-1,0,15,0,0,false,false,indonesian,,normal,false,false,false,,1743443400000
67e787991d4f6d42a84d62c3,,73.19,93.63,75.99,60.67,183;0;0;1,time,30,-1,1,30,0,1.57,false,false,indonesian,,normal,false,false,false,,1743226777000
67e787741d4f6d42a84d61c6,,58.4,89.88,58.4,52.25,146;0;0;0,time,30,-1,0,30,0,0,false,false,indonesian,,normal,false,false,false,,1743226740000
67e5283bef75c1d9dcf38933,,82.4,96.26,82.4,67.48,206;0;0;0,time,30,-1,0,30,0,0,false,false,indonesian,,normal,false,false,false,,1743071291000
67e2c43af65fb0e23ff243e3,,71.98,93.3,71.98,60.75,180;0;0;0,time,30,-1,0,30.01,0,0,false,false,indonesian,,normal,false,false,false,,1742914618000
67e212baf65fb0e23fea87a5,,58.38,90.45,61.57,56.75,146;0;2;0,time,30,-1,0,30.01,0,0,false,false,indonesian,,normal,false,false,false,,1742869178000
67de67bac756633072e67c0c,,78.36,96.59,78.36,65.57,196;0;0;0,time,30,-1,3,30.02,0,7.84,false,false,indonesian,,normal,false,false,false,,1742628794000
67de676bc756633072e679c3,true,49.19,90.44,49.19,60.67,123;0;0;0,time,30,-1,1,30.01,0,1.99,false,false,english,,normal,false,false,false,,1742628715000
67d7d2964e66d8ea7e5cf8dd,true,45.52,89.06,45.52,56.31,56;0;0;0,words,10,-1,0,14.76,0,0,false,false,english,,normal,false,false,false,,1742197398000
67d7d2794e66d8ea7e5cf7ad,true,43.25,85.81,43.25,56.75,129;0;0;0,words,25,-1,2,35.79,0,19.96,false,false,english,,normal,false,false,false,,1742197369000
67d7d1e94e66d8ea7e5cf16f,true,76.75,94.15,76.75,69.56,304;0;0;0,words,50,-1,1,47.53,0,0.94,false,false,indonesian,,normal,false,false,false,,1742197225000
67d7d18d4e66d8ea7e5ced9f,,84.76,95.65,87.96,72.37,106;1;0;0,time,15,-1,1,15.01,0,1.35,false,false,indonesian,,normal,false,false,false,,1742197133000
67d7d17a4e66d8ea7e5cecce,,77.59,94.55,84.79,74.77,97;3;0;1,time,15,-1,2,15,0,3.89,false,false,indonesian,,normal,false,false,false,,1742197114000
67d7d1614e66d8ea7e5cebed,,68.78,90.2,68.78,68.6,86;0;0;0,time,15,-1,0,15,0,0,false,false,indonesian,,normal,false,false,false,,1742197089000
67d18a584e66d8ea7e1b6b18,,71.17,94.85,71.17,60.15,89;0;0;0,time,15,-1,2,15.01,0,4.06,false,false,indonesian,,normal,false,false,false,,1741785688000
67c8062f72da54e642fa3b91,,72.78,92.08,72.78,68.63,91;0;0;0,time,15,-1,0,15,0,0,false,false,indonesian,,normal,false,false,false,,1741162031000
67bfbcc99707b5a8a804fd69,,79.94,96.15,79.94,65.69,100;0;0;0,time,15,-1,0,15.01,0,0,false,false,indonesian,,normal,false,false,false,,1740618953000
67bb57af9707b5a8a8ce826e,,71.97,93.81,71.97,70.2,90;0;0;0,time,15,-1,2,15.01,0,1.74,false,false,indonesian,,normal,false,false,false,,1740330927000
67b94847201060369ceadc0d,,79.99,97.09,79.99,67.28,100;0;0;0,time,15,-1,0,15,0,0,false,false,indonesian,,normal,false,false,false,,1740195911000
67b94798201060369cead67b,,55.97,87.5,67.17,64.87,70;5;1;0,time,15,-1,0,15.01,0,0,false,false,indonesian,,normal,false,false,false,,1740195736000
67b94782201060369cead5be,,68.73,93.88,68.73,60.95,86;0;0;0,time,15,-1,0,15.02,0,0,false,false,indonesian,,normal,false,false,false,,1740195714000
67b94771201060369cead54e,,78.38,94.34,78.38,70.56,98;0;0;0,time,15,-1,0,15,0,0,false,false,indonesian,,normal,false,false,false,,1740195697000
67b943ca201060369ceab860,,67.17,95.79,72.77,70.23,84;1;0;0,time,15,-1,0,15.01,0,0,false,false,indonesian,,normal,false,false,false,,1740194762000
67b360c46de0b0fec4808fde,,72.77,95.83,72.77,61.83,91;0;0;0,time,15,-1,1,15.01,0,8.06,false,false,indonesian,,normal,false,false,false,,1739808964000
67b0a35c6de0b0fec46585f4,,83.14,98.11,83.14,76.62,104;0;0;0,time,15,-1,0,15.01,0,0,false,false,indonesian,,normal,false,false,false,,1739629404000
67b0a34c6de0b0fec4658548,,64.79,90.11,64.79,70.23,81;0;0;0,time,15,-1,4,15,0,19.26,false,false,indonesian,,normal,false,false,false,,1739629388000
67b0a3216de0b0fec4658390,,77.57,91.74,77.57,61.92,97;0;0;0,time,15,-1,0,15.01,0,0,false,false,indonesian,,normal,false,false,false,,1739629345000
67ae9eb56de0b0fec45092ba,,77.58,96.04,77.58,69.58,97;0;0;0,time,15,-1,0,15,0,0,false,false,indonesian,,normal,false,false,false,,1739497141000
67ac37acc60cdb1842c6a5bd,,71.19,93.33,71.19,58.23,178;0;0;0,time,30,-1,0,30,0,0,false,false,indonesian,,normal,false,false,false,,1739339692000
67a834bcc60cdb184298c7ed,,78.79,97.54,78.79,68.38,197;0;0;0,time,30,-1,0,30.01,0,0,false,false,indonesian,,normal,false,false,false,,1739076796000
67a6c58ec60cdb18428c4374,,63.19,91.91,63.19,62.11,158;0;0;0,time,30,-1,0,30,0,0,false,false,indonesian,,normal,false,false,false,,1738982798000
67a4b8f18049ddd215befc27,,82.79,99.04,82.79,73.15,207;0;0;0,time,30,-1,1,30,0,3.4,false,false,indonesian,,normal,false,false,false,,1738848497000
67a22a358049ddd215a05bcc,,70.78,94.79,72.38,62.69,177;1;0;0,time,30,-1,0,30.01,0,0,false,false,indonesian,,normal,false,false,false,,1738680885000
67a22a118049ddd215a0590d,,63.2,95.81,63.2,43.87,158;0;0;0,time,30,-1,1,30,4,1.9,false,false,indonesian,,normal,false,false,false,,1738680849000
67a10f32dbed5525562cfed4,,76.8,95.07,76.8,63.08,192;0;0;0,time,30,-1,5,30,0,15.89,false,false,indonesian,,normal,false,false,false,,1738608434000
67a10ee9dbed5525562cfa1b,,74,94.92,74,67.42,185;0;0;0,time,30,-1,1,30,0,6.25,false,false,indonesian,,normal,false,false,false,,1738608361000
679e53d7dbed55255611bf25,,43.18,85.94,43.18,75.1,54;0;0;0,time,15,-1,0,15.01,0,0,false,false,indonesian_1k,,normal,false,false,false,,1738429399000
679e53c5dbed55255611be69,true,70.33,96.74,70.33,69.14,88;0;0;0,time,15,-1,0,15.01,0,0,false,false,indonesian_1k,,normal,false,false,false,,1738429381000
679e39dfdbed55255610990a,,45.58,86.36,45.58,65,57;0;0;0,time,15,-1,4,15.01,0,22.61,false,false,english,,normal,false,false,false,,1738422751000
679e3981dbed5525561094e0,,83.2,97.2,83.2,69.78,104;0;0;0,time,15,-1,0,15,0,0,false,false,indonesian,,normal,false,false,false,,1738422657000
679e3970dbed552556109416,,56.77,90.48,56.77,48.06,71;0;0;0,time,15,-1,1,15.01,0,2.95,false,false,indonesian,,normal,false,false,false,,1738422640000
67991962ba6f7581641f3e28,,71.18,95.7,71.18,64.57,89;0;0;0,time,15,-1,0,15,0,0,false,false,indonesian,,normal,false,false,false,,1738086754000
6795e36649deeea627c30195,,52.76,90.79,55.16,50.45,66;2;0;0,time,15,-1,4,15.01,0,21.46,false,false,indonesian,,normal,false,false,false,,1737876326000
6795e32f49deeea627c2ffba,,65.57,91.58,71.17,77.18,82;2;0;0,time,15,-1,0,15.01,0,0,false,false,indonesian,,normal,false,false,false,,1737876271000
678d2e2c49deeea6276670bf,,68,89.58,68,67.83,85;0;0;0,time,15,-1,0,15,0,0,false,false,indonesian,,normal,false,false,false,,1737305644000
678d2e1949deeea627666fd7,,64.77,94.44,64.77,67.23,81;0;0;0,time,15,-1,2,15.01,0,2.28,false,false,indonesian,,normal,false,false,false,,1737305625000
67827cc333ee27aa12e8f6d7,,67.18,89.58,71.18,66.35,84;2;0;0,time,15,-1,1,15,0,7.21,false,false,indonesian,,normal,false,false,false,,1736604867000
678130af33ee27aa12dbf625,,70.37,90.82,70.37,62.79,176;0;0;0,time,30,-1,1,30.01,0,1.02,false,false,indonesian,,normal,false,false,false,,1736519855000
677e1c0333ee27aa12b9ae5f,,67.54,91.35,67.54,63.49,169;0;0;0,time,30,-1,2,30.03,0,14.35,false,false,indonesian,,normal,false,false,false,,1736317955000
6778b8849894964293e8eddf,,71.58,94.85,74.38,65.26,179;1;0;1,time,30,-1,0,30.01,0,0,false,false,indonesian,,normal,false,false,false,,1735964804000
6776decc9894964293d8970f,true,84.4,98.15,84.4,76.38,211;0;0;0,time,30,-1,4,30,0,14.05,false,false,indonesian,,normal,false,false,false,,1735843532000
6776de229894964293d8904e,,76.8,96.97,76.8,70.57,192;0;0;0,time,30,-1,3,30,0,9.42,false,false,indonesian,,normal,false,false,false,,1735843362000
676d850d9894964293892f49,,54.2,86.31,56.4,58.38,271;2;0;0,time,60,-1,1,60,0,7.57,false,false,indonesian,,normal,false,false,false,,1735230733000
676d84c79894964293892bc7,true,74.38,94.33,74.38,62.3,372;0;0;0,time,60,-1,4,60.01,0,21.73,false,false,indonesian,,normal,false,false,false,,1735230663000
676d844f9894964293892610,true,74.27,93.21,74.27,66.66,297;0;0;0,words,50,-1,0,47.99,0,0,false,false,indonesian,,normal,false,false,false,,1735230543000
676c450198949642937e9667,,64.94,90.19,64.94,63.02,322;0;0;0,words,50,-1,9,59.5,0,24.76,false,false,indonesian,,normal,false,false,false,,1735148801000
676c444b98949642937e8f23,true,76.6,95.31,76.6,66.81,766;0;0;0,time,120,-1,0,120,0,0,false,false,indonesian,,normal,false,false,false,,1735148619000
676c409598949642937e6a73,,86.32,94.74,88.72,69.69,108;3;0;0,time,15,-1,2,15.01,0,3.12,false,false,indonesian,,normal,false,false,false,,1735147669000
676c407f98949642937e698e,,74.4,91.43,80,73.92,93;3;0;0,time,15,-1,0,15,0,0,false,false,indonesian,,normal,false,false,false,,1735147647000
676c406e98949642937e68f4,,83.2,98.11,83.2,67.96,104;0;0;0,time,15,-1,0,15,0,0,false,false,indonesian,,normal,false,false,false,,1735147630000
676c405998949642937e6829,,87.16,100,87.16,63.27,109;0;0;0,time,15,-1,2,15.01,1,4.68,false,false,indonesian,,normal,false,false,false,,1735147609000
676c404298949642937e6750,,83.2,98.11,83.2,62.23,104;0;0;0,time,15,-1,0,15,0,0,false,false,indonesian,,normal,false,false,false,,1735147586000
676c403198949642937e66a0,,77.54,95.19,77.54,69.99,97;0;0;0,time,15,-1,1,15.01,0,1.55,false,false,indonesian,,normal,false,false,false,,1735147569000
676c401d98949642937e65ee,,86.38,98.18,86.38,71.54,108;0;0;0,time,15,-1,2,15,0,1.8,false,false,indonesian,,normal,false,false,false,,1735147549000
676c400998949642937e6535,,75.98,92.59,82.38,61.33,95;2;0;0,time,15,-1,0,15,0,0,false,false,indonesian,,normal,false,false,false,,1735147529000
676c3ff998949642937e6489,,75.18,94.95,75.18,59.82,94;0;0;0,time,15,-1,0,15,0,0,false,false,indonesian,,normal,false,false,false,,1735147512000
676c3fdf98949642937e637d,,77.55,90.83,77.55,76.72,97;0;0;0,time,15,-1,0,15.01,0,0,false,false,indonesian,,normal,false,false,false,,1735147487000
67698b909894964293676fa5,,41.59,85.48,41.59,54.27,52;0;0;0,time,15,-1,2,15.01,0,2.89,false,false,english,,normal,false,false,false,,1734970256000
67698b779894964293676e65,,47.6,89.78,49.6,64.39,119;2;0;0,time,30,-1,2,30,0,8.35,false,false,english,,normal,false,false,false,,1734970231000
67698b4c9894964293676c8a,,43.6,85.94,43.6,59.46,109;0;0;0,time,30,-1,1,30,0,1.64,false,false,english,,normal,false,false,false,,1734970188000
67698b299894964293676ade,true,48.4,90.28,50.4,56.87,121;1;0;0,time,30,-1,1,30,0,0.93,false,false,english,,normal,false,false,false,,1734970153000
67698ae2989496429367676e,,78.36,98.02,78.36,69.83,196;0;0;0,time,30,-1,0,30.01,0,0,false,false,indonesian,,normal,false,false,false,,1734970082000
67698ac298949642936765ed,,70.79,92.67,70.79,64.08,177;0;0;0,time,30,-1,0,30.01,0,0,false,false,indonesian,,normal,false,false,false,,1734970050000
67698aa19894964293676461,,68.38,91.84,73.58,60.36,171;3;0;0,time,30,-1,0,30.01,0,0,false,false,indonesian,,normal,false,false,false,,1734970017000
674edfde86fa6e365f0bd734,,65.98,93.37,68.78,67.56,165;2;0;0,time,30,-1,2,30.01,0,3.72,false,false,indonesian,,normal,false,false,false,,1733222366000
6747dcc386fa6e365fc45c8b,,70.78,94.24,72.78,57.79,177;2;0;0,time,30,-1,0,30.01,0,0,false,false,indonesian,,normal,false,false,false,,1732762819000
6747dc9b86fa6e365fc45b2b,,71.54,94.03,71.54,69.11,63;0;0;0,words,10,-1,0,10.57,0,0,false,false,indonesian,,normal,false,false,false,,1732762779000
673c51e1cb87917df2aa527b,true,100.21,100,100.21,60.42,67;0;0;0,words,10,-1,1,8.02,0,1.3,false,false,indonesian,,normal,false,false,false,,1732006369000
673c51d2cb87917df2aa51b7,,79.77,94.12,79.77,60.13,63;0;0;0,words,10,-1,2,9.48,0,7.07,false,false,indonesian,,normal,false,false,false,,1732006354000
673c1361cb87917df2a7c3c8,,71.94,95.69,71.94,63.52,328;0;0;0,words,50,-1,7,54.71,0,36.28,false,false,indonesian,,normal,false,false,false,,1731990369000
673c12eacb87917df2a7beb5,true,75.13,95.07,75.13,68.28,644;0;0;0,words,100,-1,4,102.86,0,36.38,false,false,indonesian,,normal,false,false,false,,1731990250000
673c1219cb87917df2a7b601,true,82.37,97.21,82.37,67.17,206;0;0;0,time,30,-1,0,30.01,0,0,false,false,indonesian,,normal,false,false,false,,1731990041000
673c11f9cb87917df2a7b4a1,,62.37,91.58,63.97,64.16,156;0;0;1,time,30,-1,0,30.01,0,0,false,false,indonesian,,normal,false,false,false,,1731990009000
67339892cb87917df2450e58,,26.79,82.93,26.79,24.13,67;0;0;0,time,30,-1,0,30.02,5,0,false,false,indonesian,,normal,false,false,false,,1731434642000
672f7c63cb87917df217e2f8,,75.57,97.94,75.57,73.3,189;0;0;0,time,30,-1,0,30.01,0,0,false,false,indonesian,,normal,false,false,false,,1731165283000
6728580850538de2c2b1f774,,77.99,97.04,77.99,72.04,195;0;0;0,time,30,-1,1,30,0,28.14,false,false,indonesian,,normal,false,false,false,,1730697224000
671e5f3b50538de2c24540f9,,50,92.21,50,52.43,125;0;0;0,time,30,-1,0,30,0,0,false,false,indonesian,,normal,false,false,false,,1730043707000
671d130350538de2c23a4b29,,61.99,91.91,61.99,62.37,155;0;0;0,time,30,-1,0,30.01,0,0,false,false,indonesian,,normal,false,false,false,,1729958659000
671d12de50538de2c23a4977,,66.78,92.55,69.18,68.37,167;1;0;0,time,30,-1,0,30.01,0,0,false,false,indonesian,,normal,false,false,false,,1729958622000
671d12be50538de2c23a480e,,65.98,88.94,71.18,66.19,165;6;1;2,time,30,-1,1,30.01,0,0.92,false,false,indonesian,,normal,false,false,false,,1729958590000
67107064da330b33d2f43054,,68.38,92.88,68.98,60.44,342;2;0;0,time,60,-1,4,60.01,0,31.23,false,false,indonesian,,normal,false,false,false,,1729130596000
67106fa5da330b33d2f42942,,67.15,90.81,67.15,64.52,322;0;0;0,words,50,-1,1,57.54,0,2.05,false,false,indonesian,,normal,false,false,false,,1729130405000
67106f54da330b33d2f4264d,,62.19,93.3,62.19,62.86,330;0;0;0,words,50,-1,4,63.68,0,47.02,false,false,indonesian,,normal,false,false,false,,1729130324000
67106b00da330b33d2f3fd51,,82.33,95.24,82.33,66.76,158;0;0;0,words,25,-1,0,23.03,0,0,false,false,indonesian,,normal,false,false,false,,1729129216000
67106ae0da330b33d2f3fc42,,80.94,96.41,80.94,69.13,161;0;0;0,words,25,-1,1,23.87,0,0.07,false,false,indonesian,,normal,false,false,false,,1729129184000
67106ac2da330b33d2f3fb13,,79.39,96.55,79.39,67.7,168;0;0;0,words,25,-1,2,25.39,0,2.46,false,false,indonesian,,normal,false,false,false,,1729129154000
670f335d3b43e6c05d11036e,,70.78,93.64,70.78,62.02,157;0;0;0,words,25,-1,0,26.62,0,0,false,false,indonesian,,normal,false,false,false,,1729049437000
670ca03b3b43e6c05df1e241,,80.5,96.93,80.5,72.46,156;0;0;0,words,25,-1,0,23.25,0,0,false,false,indonesian,,normal,false,false,false,,1728880699000
670c9ee43b43e6c05df1d562,,71.4,91.46,74.34,65.97,146;2;0;0,words,25,-1,0,24.54,0,0,false,false,indonesian,,normal,false,false,false,,1728880355000
670c999a3b43e6c05df1a14b,,77.95,96.2,77.95,63.61,151;0;0;0,words,25,-1,0,23.25,0,0,false,false,indonesian,,normal,false,false,false,,1728879002000
670c99833b43e6c05df1a083,,76.05,95.57,76.05,66.79,151;0;0;0,words,25,-1,2,23.83,0,6.52,false,false,indonesian,,normal,false,false,false,,1728878979000
670c99603b43e6c05df19f3f,,72.73,92,72.73,67.44,157;0;0;0,words,25,-1,0,25.91,0,0,false,false,indonesian,,normal,false,false,false,,1728878944000
67078dfc3b43e6c05dbceb3d,,77.25,96.25,77.25,73.88,152;0;0;0,words,25,-1,1,23.61,0,6.14,false,false,indonesian,,normal,false,false,false,,1728548348000
67078da93b43e6c05dbce798,,71.39,94.05,71.39,66.6,156;0;0;0,words,25,-1,0,26.22,0,0,false,false,indonesian,,normal,false,false,false,,1728548265000
67078d8c3b43e6c05dbce663,,70.49,95.15,70.49,64.14,156;0;0;0,words,25,-1,0,26.56,0,0,false,false,indonesian,,normal,false,false,false,,1728548236000
67078d6c3b43e6c05dbce4fb,,74.31,96.25,74.31,67.6,153;0;0;0,words,25,-1,0,24.71,0,0,false,false,indonesian,,normal,false,false,false,,1728548204000
67078d4c3b43e6c05dbce398,,73.18,91.94,73.18,66.33,57;0;0;0,words,10,-1,1,9.35,0,1.92,false,false,indonesian,,normal,false,false,false,,1728548172000
67078d3d3b43e6c05dbce303,,69.65,90.32,69.65,58.72,55;0;0;0,words,10,-1,0,9.48,0,0,false,false,indonesian,,normal,false,false,false,,1728548157000
67078d323b43e6c05dbce285,,52.84,89.04,52.84,61.04,61;0;0;0,words,10,-1,2,13.85,0,2.85,false,false,indonesian,,normal,false,false,false,,1728548146000
6701832e3b43e6c05d7909bd,true,69.53,94.09,69.53,67.31,649;0;0;0,words,100,-1,1,112.01,0,2.21,false,false,indonesian,,normal,false,false,false,,1728152366000
670182a43b43e6c05d79042d,,62.79,92.84,64.59,63.07,314;2;0;0,time,60,-1,1,60.01,0,1.15,false,false,indonesian,,normal,false,false,false,,1728152228000
67016c0c3b43e6c05d780566,,78.38,96.23,83.98,79.03,98;1;1;0,time,15,-1,1,15,0,0.63,false,false,indonesian,,normal,false,false,false,,1728146444000
67016bfa3b43e6c05d780474,,68.78,93.55,68.78,63.61,86;0;0;0,time,15,-1,0,15,0,0,false,false,indonesian,,normal,false,false,false,,1728146426000
67016be93b43e6c05d780395,,62.34,92.13,67.13,65.49,78;1;0;1,time,15,-1,1,15.02,0,1.9,false,false,indonesian,,normal,false,false,false,,1728146409000
67016bd63b43e6c05d78029c,,68.75,96.88,68.75,75.93,86;0;0;0,time,15,-1,1,15.01,0,1.74,false,false,indonesian,,normal,false,false,false,,1728146390000
66fcf3e13b43e6c05d434434,,64.79,90.72,74.39,73,81;3;0;0,time,15,-1,0,15,0,0,false,false,indonesian,,normal,false,false,false,,1727853537000
66fcf3d13b43e6c05d434371,,69.6,93.55,69.6,75.58,87;0;0;0,time,15,-1,1,15,0,3.32,false,false,indonesian,,normal,false,false,false,,1727853521000
66fcf3bc3b43e6c05d43429c,,43.99,85.71,47.19,59.62,55;1;0;0,time,15,-1,1,15,0,2.55,false,false,indonesian,,normal,false,false,false,,1727853500000
66fcedfe3b43e6c05d430283,,83.93,99.06,83.93,78.4,105;0;0;0,time,15,-1,0,15.01,0,0,false,false,indonesian,,normal,false,false,false,,1727852030000
66fcedec3b43e6c05d4301ac,,56.77,89.47,63.97,68.08,71;0;1;0,time,15,-1,0,15.01,0,0,false,false,indonesian,,normal,false,false,false,,1727852012000
66daa2424b36e87ec55387d4,,68.8,93.48,68.8,65.88,86;0;0;0,time,15,-1,0,15,0,0,false,false,indonesian,,normal,false,false,false,,1725604418000
66daa2314b36e87ec5538729,,58.37,88.76,58.37,67.17,73;0;0;0,time,15,-1,0,15.01,0,0,false,false,indonesian,,normal,false,false,false,,1725604401000
66ce0c0f251883fe34d80db0,,89.58,99.12,89.58,84.77,112;0;0;0,time,15,-1,2,15,0,7.39,false,false,indonesian,,normal,false,false,false,,1724779535000
66ce0bf5251883fe34d80c47,,77.59,97,77.59,68.7,97;0;0;0,time,15,-1,0,15,0,0,false,false,indonesian,,normal,false,false,false,,1724779509000
66ce0be3251883fe34d80b4b,,63.99,91,75.19,72.8,80;2;1;0,time,15,-1,1,15,0,8.07,false,false,indonesian,,normal,false,false,false,,1724779491000
66ce0bc2251883fe34d80916,,77.57,96.19,81.57,71.43,97;0;0;1,time,15,-1,0,15.01,0,0,false,false,indonesian,,normal,false,false,false,,1724779458000
66ccb849251883fe34c9333d,,83.16,93.86,90.36,84.21,104;4;1;0,time,15,-1,3,15.01,0,6.61,false,false,indonesian,,normal,false,false,false,,1724692553000
66c8bb86251883fe34a4d656,,76.76,97.09,81.56,69.98,96;1;0;0,time,15,-1,1,15.01,0,2.32,false,false,indonesian,,normal,false,false,false,,1724431238000
66c8aa90251883fe34a3c84b,,82.35,95.65,89.55,79.42,103;2;0;1,time,15,-1,3,15.01,0,12.69,false,false,indonesian,,normal,false,false,false,,1724426896000
66c8aa71251883fe34a3c666,,86.32,94.74,86.32,72.91,108;0;0;0,time,15,-1,0,15.01,0,0,false,false,indonesian,,normal,false,false,false,,1724426865000
66c8aa5a251883fe34a3c4d6,,81.55,93.97,91.95,75.71,102;4;0;0,time,15,-1,0,15.01,0,0,false,false,indonesian,,normal,false,false,false,,1724426842000
66c8aa46251883fe34a3c3a8,,66.4,92.31,66.4,59,83;0;0;0,time,15,-1,0,15,0,0,false,false,indonesian,,normal,false,false,false,,1724426822000
66c39b8091888c3435f25889,,81.52,100,81.52,75.87,102;0;0;0,time,15,-1,0,15.02,0,0,false,false,indonesian,,normal,false,false,false,,1724095360000
66c39b6f91888c3435f257de,,77.58,95.28,83.18,68.38,97;2;0;0,time,15,-1,1,15,0,4.06,false,false,indonesian,,normal,false,false,false,,1724095343000
66c39b5791888c3435f256e7,,75.99,97.09,79.99,75.71,95;0;0;1,time,15,-1,2,15,0,1.66,false,false,indonesian,,normal,false,false,false,,1724095319000
66bec0f391888c3435c6952e,,73.56,94.85,73.56,67.15,92;0;0;0,time,15,-1,0,15.01,0,0,false,false,indonesian,,normal,false,false,false,,1723777267000
66bec0e291888c3435c694aa,,55.18,90,57.58,52.8,69;1;0;0,time,15,-1,0,15,0,0,false,false,indonesian,,normal,false,false,false,,1723777250000
66bec0d091888c3435c69417,,83.19,99.05,83.19,80.48,104;0;0;0,time,15,-1,1,15,0,3.08,false,false,indonesian,,normal,false,false,false,,1723777232000
66bebf3091888c3435c686b1,,81.56,97.14,81.56,72.9,102;0;0;0,time,15,-1,1,15.01,0,4.46,false,false,indonesian,,normal,false,false,false,,1723776816000
66bebf1a91888c3435c68603,,67.99,92.63,71.19,69.68,85;1;0;0,time,15,-1,1,15,0,0.66,false,false,indonesian,,normal,false,false,false,,1723776794000
66bebf0791888c3435c68567,,60.79,88.17,71.19,67.64,76;6;0;0,time,15,-1,1,15,0,1.62,false,false,indonesian,,normal,false,false,false,,1723776775000
66bebef291888c3435c68499,,81.57,97.14,81.57,66.61,102;0;0;0,time,15,-1,0,15.01,0,0,false,false,indonesian,,normal,false,false,false,,1723776754000
66bebee191888c3435c6841f,,78.36,96.3,84.75,71.22,98;2;0;0,time,15,-1,1,15.01,0,0.34,false,false,indonesian,,normal,false,false,false,,1723776737000
66be4e8191888c3435c30788,,73.57,96.88,73.57,68.34,92;0;0;0,time,15,-1,0,15.01,0,0,false,false,indonesian,,normal,false,false,false,,1723747969000
669e65d77ad1c2217ece8be9,,81.57,96.23,81.57,64.79,102;0;0;0,time,15,-1,0,15,0,0,false,false,indonesian,,normal,false,false,false,,1721656791000
669e65c87ad1c2217ece8b24,,73.58,94,73.58,63,92;0;0;0,time,15,-1,0,15,0,0,false,false,indonesian,,normal,false,false,false,,1721656776000
669e140d82df16123dda8736,,88.79,100,88.79,78.04,111;0;0;0,time,15,-1,6,15,0,22.78,false,false,indonesian,,normal,false,false,false,,1721635853000
669dfd7a82df16123dd9c563,,64.78,91.21,67.98,69.63,81;2;0;0,time,15,-1,2,15,0,3.09,false,false,indonesian,,normal,false,false,false,,1721630074000
669df95582df16123dd9a040,,63.98,87.39,86.38,70.89,80;7;0;1,time,15,-1,1,15,0,1.78,false,false,indonesian,,normal,false,false,false,,1721629013000
669967bb82df16123db83dcd,,80.79,97.12,80.79,65.69,101;0;0;0,time,15,-1,1,15,0,0.08,false,false,indonesian,,normal,false,false,false,,1721329595000
669967a982df16123db83d0f,,68.77,92.47,68.77,68.73,86;0;0;0,time,15,-1,0,15.01,0,0,false,false,indonesian,,normal,false,false,false,,1721329577000
668d7bf28fe0103e5f8ae02c,,74.4,96.88,74.4,76.62,93;0;0;0,time,15,-1,1,15,0,11.73,false,false,indonesian,,normal,false,false,false,,1720548338000
668d7bd58fe0103e5f8adf2e,,53.57,91.46,59.17,61.15,67;1;0;0,time,15,-1,1,15.01,0,13.68,false,false,indonesian,,normal,false,false,false,,1720548309000
668d7bb68fe0103e5f8addf3,,71.94,93.27,78.34,78.63,90;4;0;0,time,15,-1,0,15.01,0,0,false,false,indonesian,,normal,false,false,false,,1720548278000
668d7ba68fe0103e5f8add59,,75.14,90.65,82.33,66.88,94;4;1;0,time,15,-1,4,15.01,0,22.83,false,false,indonesian,,normal,false,false,false,,1720548262000
668d7b7a8fe0103e5f8adbb2,,78.34,96.26,80.74,61.76,98;1;0;0,time,15,-1,0,15.01,0,0,false,false,indonesian,,normal,false,false,false,,1720548218000
667067336dc967ef98664569,,71.99,93.75,71.99,65.4,90;0;0;0,time,15,-1,0,15,0,0,false,false,indonesian,,normal,false,false,false,,1718642483000
667067226dc967ef986644b2,,78.4,97.03,78.4,70.56,98;0;0;0,time,15,-1,0,15,0,0,false,false,indonesian,,normal,false,false,false,,1718642466000
667067126dc967ef98664407,,76.73,98.97,76.73,84.16,96;0;0;0,time,15,-1,2,15.01,0,7.19,false,false,indonesian,,normal,false,false,false,,1718642450000
667066f76dc967ef98664304,,71.18,93.75,71.18,68.34,89;0;0;0,time,15,-1,2,15,0,4.9,false,false,indonesian,,normal,false,false,false,,1718642423000
667066e06dc967ef98664208,,83.18,95.41,83.18,74.15,104;0;0;0,time,15,-1,0,15,0,0,false,false,indonesian,,normal,false,false,false,,1718642400000
667066cf6dc967ef9866414c,,72.78,93.81,72.78,69.14,91;0;0;0,time,15,-1,0,15,0,0,false,false,indonesian,,normal,false,false,false,,1718642383000
6661ba28338802e28dbc0cf5,,83.93,97.25,83.93,65.03,105;0;0;0,time,15,-1,1,15.01,0,1,false,false,indonesian,,normal,false,false,false,,1717680680000
66600a7bca2df50192a2e6cb,,63.99,92.05,63.99,54.37,80;0;0;0,time,15,-1,0,15,0,0,false,false,indonesian,,normal,false,false,false,,1717570171000
6657f31d3f4cde2f9deb49c1,,55.97,85.37,55.97,60.58,70;0;0;0,time,15,-1,1,15.01,0,2.45,false,false,indonesian,,normal,false,false,false,,1717039901000
664aa984c1edd2b869edae31,,71.16,97.8,71.16,74.85,89;0;0;0,time,15,-1,0,15.01,0,0,false,false,indonesian,,normal,false,false,false,,1716169092000
6642e9722b05a65a0528de33,,66.39,91.21,66.39,65.19,83;0;0;0,time,15,-1,1,15,0,4.7,false,false,indonesian,,normal,false,false,false,,1715661170000
6642e9492b05a65a0528dccc,,69.19,94.02,69.19,67.74,173;0;0;0,time,30,-1,1,30,0,1.49,false,false,indonesian,,normal,false,false,false,,1715661129000
6638766ee7e7f153d07eb215,,63.59,91.43,63.59,64.58,159;0;0;0,time,30,-1,1,30,0,0.83,false,false,indonesian,,normal,false,false,false,,1714976366000
663330da4f5a6b13908a33c5,,72.79,93.94,72.79,67.13,182;0;0;0,time,30,-1,2,30,0,27.4,false,false,indonesian,,normal,false,false,false,,1714630874000
66304717446b79b80c8d949e,,77.98,98,77.98,70.68,195;0;0;0,time,30,-1,0,30.01,0,0,false,false,indonesian,,normal,false,false,false,,1714439959000
663046f8446b79b80c8d939b,,69.19,94.15,69.19,60.09,173;0;0;0,time,30,-1,2,30,0,6.09,false,false,indonesian,,normal,false,false,false,,1714439928000
66050de81508496677e55711,,60.8,88.95,60.8,70.79,152;0;0;0,time,30,-1,0,30,0,0,false,false,indonesian,,normal,false,false,false,,1711607272000
6604cd2a1508496677e377f7,,52.05,94.37,52.05,52.29,66;0;0;0,words,10,-1,2,15.22,0,2.05,false,false,indonesian,,normal,false,false,false,,1711590698000
6604cd111508496677e37752,,59.63,93.85,59.63,64.93,61;0;0;0,words,10,-1,1,12.28,0,2.16,false,false,indonesian,,normal,false,false,false,,1711590673000
65fd6ee29c9c7becc57af00d,,80.63,98.18,80.63,71.53,161;0;0;0,words,25,-1,2,23.96,0,4.18,false,false,indonesian,,normal,false,false,false,,1711107810000
65f7dddd9c9c7becc542e5eb,,73.49,94.44,73.49,66.16,150;0;0;0,words,25,-1,5,24.49,0,28.56,false,false,indonesian,,normal,false,false,false,,1710743005000
65f69d289c9c7becc5391a2a,true,81.19,94.14,83.99,72.18,203;1;1;0,time,30,-1,2,30,0,7.51,false,false,indonesian,,normal,false,false,false,,1710660904000
65f69ce29c9c7becc5391857,true,85.65,97.53,85.65,69.39,158;0;0;0,words,25,-1,7,22.14,0,13.06,false,false,indonesian,,normal,false,false,false,,1710660834000
65f69c7d9c9c7becc53915a8,true,93.37,100,93.37,61.33,63;0;0;0,words,10,-1,3,8.1,0,6.12,false,false,indonesian,,normal,false,false,false,,1710660733000
65f69c549c9c7becc5391475,true,68.45,93.21,68.45,61.39,671;0;0;0,words,100,-1,3,117.64,0,15.5,false,false,indonesian,,normal,false,false,false,,1710660692000
65f69ba79c9c7becc5390fc1,true,73.37,93.39,73.37,68,321;0;0;0,words,50,-1,0,52.5,0,0,false,false,indonesian,,normal,false,false,false,,1710660518000
65f13eb9f3fe859d29a02286,true,70.12,95.15,70.12,67.33,312;0;0;0,words,50,-1,3,53.39,0,8.59,false,false,indonesian,,normal,false,false,false,,1710309049000
65f13e73f3fe859d29a0203b,true,67.59,95.21,67.59,60.88,158;0;0;0,words,25,-1,0,28.05,0,0,false,false,indonesian,,normal,false,false,false,,1710308979000
65f13e51f3fe859d29a01f31,true,76.1,94.2,76.1,65.29,64;0;0;0,words,10,-1,2,10.09,0,4.26,false,false,indonesian,,normal,false,false,false,,1710308945000
65f13e40f3fe859d29a01ea4,true,71.51,91.3,71.51,64.28,63;0;0;0,words,10,-1,1,10.57,0,2.7,false,false,indonesian,,normal,false,false,false,,1710308928000
65f13dfdf3fe859d29a01c70,,65.55,93.33,65.55,56.58,82;0;0;0,time,15,-1,1,15.01,0,0.52,false,false,indonesian,,normal,false,false,false,,1710308861000
65f13debf3fe859d29a01bf7,,74.37,96,74.37,59.16,93;0;0;0,time,15,-1,0,15.01,0,0,false,false,indonesian,,normal,false,false,false,,1710308843000
65e14c1ad7bfb8ea57c63d57,,74.33,97.89,74.33,72.55,93;0;0;0,time,15,-1,0,15.01,0,0,false,false,indonesian,,normal,false,false,false,,1709263898000
65e14c0ad7bfb8ea57c63ccd,,63.17,89.36,68.77,66.81,79;2;0;0,time,15,-1,2,15.01,0,3.08,false,false,indonesian,,normal,false,false,false,,1709263882000
65e060b42c98ce4374569cad,,82.35,98.1,82.35,70.49,103;0;0;0,time,15,-1,1,15.01,0,3.5,false,false,indonesian,,normal,false,false,false,,1709203636000
65e0609c2c98ce4374569be5,,74.36,93.94,74.36,76.01,93;0;0;0,time,15,-1,0,15.01,0,0,false,false,indonesian,,normal,false,false,false,,1709203612000
65e0608c2c98ce4374569b62,,69.52,94.79,74.31,70.47,87;2;0;1,time,15,-1,3,15.02,0,1.44,false,false,indonesian,,normal,false,false,false,,1709203596000
65e04fd82c98ce437455fb30,,59.17,91.86,64.76,71.19,74;2;0;0,time,15,-1,0,15.01,0,0,false,false,indonesian,,normal,false,false,false,,1709199320000
65dd60872c98ce437436bedd,,87.14,98.2,87.14,79.78,109;0;0;0,time,15,-1,4,15.01,0,11.44,false,false,indonesian,,normal,false,false,false,,1709006983000
65d6c0b42c98ce4374f895de,,80.78,100,80.78,83.31,101;0;0;0,time,15,-1,4,15,0,21.11,false,false,indonesian,,normal,false,false,false,,1708572852000
65ce88bb2c98ce4374ac3cfb,,62.37,90.91,62.77,64.06,156;1;0;0,time,30,-1,0,30.02,0,0,false,false,indonesian,,normal,false,false,false,,1708034235000
65ce889b2c98ce4374ac3bb5,,65.57,94.8,65.57,66,164;0;0;0,time,30,-1,2,30.01,0,9.98,false,false,indonesian,,normal,false,false,false,,1708034203000
65ce88702c98ce4374ac3a03,,63.18,91.43,63.18,67.76,158;0;0;0,time,30,-1,0,30.01,0,0,false,false,indonesian,,normal,false,false,false,,1708034160000
65afe63cae13999a06515e60,,75.98,94.84,79.18,72.22,190;0;0;1,time,30,-1,0,30.01,0,0,false,false,indonesian,,normal,false,false,false,,1706026556000
658e43a2a65b7d25a16f6da9,,54.78,87.88,57.98,53.65,137;5;0;5,time,30,-1,0,30.01,1,0,false,false,indonesian,,normal,false,false,false,,1703822242000
6582905ba65b7d25a1136a79,true,77.17,96.04,77.17,65.72,193;0;0;0,time,30,-1,1,30.01,0,16.4,false,false,indonesian,,normal,false,false,false,,1703055451000
6580fef5b8703f30652beed9,,69.59,94.39,69.59,63.85,174;0;0;0,time,30,-1,0,30,0,0,false,false,indonesian,,normal,false,false,false,,1702952693000
6576b2696dbc38d1311890fc,true,69.29,94.07,69.29,65.07,693;0;0;0,time,120,-1,0,120.01,0,0,false,false,indonesian,,normal,false,false,false,,1702277737000
6576b1da6dbc38d131188c9e,,76.38,96.95,76.38,70.14,191;0;0;0,time,30,-1,1,30.01,0,1.33,false,false,indonesian,,normal,false,false,false,,1702277594000
6576b0dc6dbc38d1311884aa,,73.99,95.5,76.39,73.36,185;0;1;0,time,30,-1,1,30,0,6.48,false,false,indonesian,,normal,false,false,false,,1702277340000
65768e276dbc38d1311769da,,68.39,92.06,68.39,61.98,171;0;0;0,time,30,-1,0,30.01,0,0,false,false,indonesian,,normal,false,false,false,,1702268455000
656e7a697275ef81404a9674,,60,90.42,60,53.75,150;0;0;0,time,30,-1,1,30,0,1.65,false,false,indonesian,,normal,false,false,false,,1701739113000
656e7a427275ef81404a9551,,69.17,93.62,69.17,59.46,173;0;0;0,time,30,-1,0,30.01,0,0,false,false,indonesian,,normal,false,false,false,,1701739074000
656e78ae7275ef814042b95b,,69.98,93.12,69.98,68.48,175;0;0;0,time,30,-1,0,30.01,0,0,false,false,indonesian,,normal,false,false,false,,1701738670000
656950567275ef8140a75987,,69.18,93.68,71.18,65.34,173;1;0;0,time,30,-1,2,30.01,0,3.25,false,false,indonesian,,normal,false,false,false,,1701400662000
6565a8bd59405040bdf66cb2,,67.98,93.44,68.78,65.53,170;1;0;0,time,30,-1,0,30.01,0,0,false,false,indonesian,,normal,false,false,false,,1701161149000
655c07270d82cb4950270dec,,61.17,91.18,61.17,53.3,153;0;0;0,time,30,-1,1,30.01,0,7.86,false,false,indonesian,,normal,false,false,false,,1700529959000
6556bd9427c5c14c2cb3cf75,,69.58,94.09,69.58,60.43,174;0;0;0,time,30,-1,0,30.01,0,0,false,false,indonesian,,normal,false,false,false,,1700183444000
6556bd7427c5c14c2cb3ce7e,,67.18,91.79,72.38,61.56,168;3;0;0,time,30,-1,4,30.01,0,3.4,false,false,indonesian,,normal,false,false,false,,1700183412000
6552580727c5c14c2cf5486d,,74.39,94.95,74.39,62.57,186;0;0;0,time,30,-1,0,30,0,0,false,false,indonesian,,normal,false,false,false,,1699895303000
655041f12b8a1f66f989e19f,,62.38,91.21,63.98,55.63,156;0;0;1,time,30,-1,1,30.01,0,0.89,false,false,indonesian,,normal,false,false,false,,1699758577000
654464af0540d69c1a8defca,true,77.16,93.58,83.96,65.94,193;4;0;0,time,30,-1,1,30.02,0,3.39,false,false,indonesian,,normal,false,false,false,,1698981039000
653532c3397591e76592e128,,46.36,88.06,49.56,75.66,58;2;0;0,time,15,-1,3,15.01,0,11.69,false,false,english,,normal,false,false,false,,1697985219000
653532a1397591e76592dfe3,,43.19,90.48,43.19,67.24,54;0;0;0,time,15,-1,0,15,0,0,false,false,english,,normal,false,false,false,,1697985185000
65353009397591e7658b5a5e,true,54.38,93.59,58.38,73.54,68;1;0;0,time,15,-1,1,15,0,1.85,false,false,english,,normal,false,false,false,,1697984521000
65352ff5397591e7658b59a5,true,49.55,89.47,55.14,68.21,62;1;0;1,time,15,-1,0,15.02,0,0,false,false,english,,normal,false,false,false,,1697984501000
65352fdf397591e7658b58c7,,60.72,87.23,67.91,59.88,76;4;0;1,time,15,-1,1,15.02,0,10.66,false,false,indonesian,,normal,false,false,false,,1697984479000
6530a26f397591e765caa2cd,,55.17,96.05,55.17,57.12,69;0;0;0,time,15,-1,1,15.01,0,3.58,false,false,indonesian,,normal,false,false,false,,1697686127000
6530a23c397591e765caa161,,41.59,80,41.59,49.09,52;0;0;0,time,15,-1,3,15,0,17.66,false,false,indonesian,,normal,false,false,false,,1697686076000
65166f6436bd0a3b02f9cacf,,75.19,95.41,84.78,64.31,94;2;0;0,time,15,-1,0,15,0,0,false,false,indonesian,,normal,false,false,false,,1695969124000
65166f4f36bd0a3b02f9ca42,,74.35,91.18,76.75,74.14,93;3;0;0,time,15,-1,0,15.01,0,0,false,false,indonesian,,normal,false,false,false,,1695969103000
65112efadaab84819fe62c18,,62.33,89.32,78.31,67.72,78;5;0;1,time,15,-1,0,15.02,0,0,false,false,indonesian,,normal,false,false,false,,1695624954000
65112ee6daab84819fe62b77,,39.97,80,39.97,39.81,50;0;0;0,time,15,-1,0,15.01,0,0,false,false,indonesian,,normal,false,false,false,,1695624934000
65112ed4daab84819fe62af8,,38.39,85.94,43.99,53.61,48;0;0;1,time,15,-1,0,15,0,0,false,false,indonesian,,normal,false,false,false,,1695624916000
65112eb8daab84819fe62a2f,,43.18,88.52,43.18,52.17,54;0;0;0,time,15,-1,0,15.01,0,0,false,false,indonesian,,normal,false,false,false,,1695624888000
65112e9edaab84819fe6296d,,39.19,85.96,39.19,40.94,49;0;0;0,time,15,-1,1,15,0,0.59,false,false,indonesian,,normal,false,false,false,,1695624862000
65112e88daab84819fe628c3,,66.36,90.2,71.96,62.35,83;2;0;0,time,15,-1,0,15.01,0,0,false,false,indonesian,,normal,false,false,false,,1695624840000
65104a62daab84819f0c686f,,61.51,88.12,71.9,55.5,77;2;0;0,time,15,-1,1,15.02,0,0.88,false,false,indonesian,,normal,false,false,false,,1695566434000
650a7804daab84819ff9840a,,77.52,97,77.52,71.19,97;0;0;0,time,15,-1,0,15.02,0,0,false,false,indonesian,,normal,false,false,false,,1695184900000
650a77efdaab84819ff98373,,61.58,92.77,61.58,61.61,77;0;0;0,time,15,-1,0,15,0,0,false,false,indonesian,,normal,false,false,false,,1695184879000
6502a0b7b3a5cd152605d884,,73.58,95,73.58,71.72,92;0;0;0,time,15,-1,1,15,0,1.37,false,false,indonesian,,normal,false,false,false,,1694671031000
6502a0a4b3a5cd152605d801,,67.97,91.75,71.96,57.08,85;1;0;0,time,15,-1,1,15.01,0,1.49,false,false,indonesian,,normal,false,false,false,,1694671012000
6502a091b3a5cd152605d790,,65.53,91.21,65.53,65.71,82;0;0;0,time,15,-1,0,15.02,0,0,false,false,indonesian,,normal,false,false,false,,1694670993000
6502a07db3a5cd152605d70e,,78.37,98,78.37,65.95,98;0;0;0,time,15,-1,0,15.01,0,0,false,false,indonesian,,normal,false,false,false,,1694670973000
64ffb11c1f44667c8eb7cdb0,,71.91,94.85,71.91,58.59,90;0;0;0,time,15,-1,0,15.02,0,0,false,false,indonesian,,normal,false,false,false,,1694478620000
64ffb10a1f44667c8eb4409d,,64.77,96.55,64.77,65.41,81;0;0;0,time,15,-1,2,15.01,0,10.74,false,false,indonesian,,normal,false,false,false,,1694478602000
64f3532d5123776c1c67d22f,,67.98,96.59,67.98,64.87,85;0;0;0,time,15,-1,1,15,0,9.49,false,false,indonesian,,normal,false,false,false,,1693668141000
64f3530f5123776c1c67d147,,51.59,86.42,54.38,52.59,129;2;1;0,time,30,-1,0,30.01,0,0,false,false,indonesian,,normal,false,false,false,,1693668111000
64ea228183e8f7f36faa85c2,,71.56,96.76,71.56,69.5,179;0;0;0,time,30,-1,0,30.02,0,0,false,false,indonesian,,normal,false,false,false,,1693065857000
64ea21ab83e8f7f36faa7f2a,,65.59,93.33,68.39,52.93,164;2;0;0,time,30,-1,0,30,0,0,false,false,indonesian,,normal,false,false,false,,1693065643000
64e214bc296972726c487518,,64.39,93.14,64.39,58.49,161;0;0;0,time,30,-1,4,30,0,11,false,false,indonesian,,normal,false,false,false,,1692538044000
64e1f8db296972726c104f60,,72.39,90.24,72.39,69.06,181;0;0;0,time,30,-1,0,30,0,0,false,false,indonesian,,normal,false,false,false,,1692530907000
64d88162707edb244808ee32,,60.39,91.72,61.19,57.17,151;1;0;0,time,30,-1,0,30.01,0,0,false,false,indonesian,,normal,false,false,false,,1691910498000
64d641cba2e92fa244e90108,,71.17,95.85,73.97,69,178;0;0;1,time,30,-1,0,30.01,0,0,false,false,indonesian,,normal,false,false,false,,1691763147000
64d4b86088a8b868fd273aed,,65.98,86.89,77.17,67.28,165;12;1;2,time,30,-1,0,30.01,0,0,false,false,indonesian,,normal,false,false,false,,1691662432000
64d37fbf88a8b868fdbfc163,,61.19,87.5,64.39,59.05,153;5;1;0,time,30,-1,1,30,0,1.07,false,false,indonesian,,normal,false,false,false,,1691582399000
64d36d3c88a8b868fd998aca,,64.78,92.74,67.18,62.92,162;1;0;0,time,30,-1,0,30.01,0,0,false,false,indonesian,,normal,false,false,false,,1691577660000
64d098ee4ebd53353e5645bd,,68.79,94.02,68.79,66.66,172;0;0;0,time,30,-1,0,30,0,0,false,false,indonesian,,normal,false,false,false,,1691392238000
64cf4cc6eec826fbdc954f41,,67.99,94.44,67.99,70.82,170;0;0;0,time,30,-1,2,30,0,10.31,false,false,indonesian,,normal,false,false,false,,1691307206000
64cf4c99eec826fbdc954e4b,,62.38,89.01,69.58,62.44,156;9;0;2,time,30,-1,2,30.01,0,10.05,false,false,indonesian,,normal,false,false,false,,1691307161000
64cf4c6ceec826fbdc954d3c,,71.15,94.68,71.15,67.32,89;0;0;0,time,15,-1,0,15.01,0,0,false,false,indonesian,,normal,false,false,false,,1691307116000
64cf4c5beec826fbdc954ccc,,70.39,91,70.39,59.53,88;0;0;0,time,15,-1,0,15,0,0,false,false,indonesian,,normal,false,false,false,,1691307099000
64cf4c49eec826fbdc954c65,,67.16,94.38,67.16,75.03,84;0;0;0,time,15,-1,0,15.01,0,0,false,false,indonesian,,normal,false,false,false,,1691307081000
64cf4c38eec826fbdc954c07,,61.51,89.77,65.51,63.26,77;2;0;0,time,15,-1,1,15.02,0,2.96,false,false,indonesian,,normal,false,false,false,,1691307064000
64ccaf88eec826fbdc6d7e1f,,74.39,95.88,74.39,73.6,93;0;0;0,time,15,-1,0,15,0,0,false,false,indonesian,,normal,false,false,false,,1691135880000
64ccaf77eec826fbdc6d7da7,,43.99,85.29,43.99,37.16,55;0;0;0,time,15,-1,0,15,0,0,false,false,indonesian,,normal,false,false,false,,1691135863000
64ccaf66eec826fbdc6d7d32,,55.18,83.33,55.18,56.88,69;0;0;0,time,15,-1,0,15.01,0,0,false,false,indonesian,,normal,false,false,false,,1691135846000
64cb7e5deec826fbdc1ac158,,82.39,96.33,86.39,71.81,103;2;0;0,time,15,-1,1,15,0,4.3,false,false,indonesian,,normal,false,false,false,,1691057757000
64cb7d4eeec826fbdc13e978,,63.17,91.92,77.57,71.36,79;2;1;0,time,15,-1,0,15.01,0,0,false,false,indonesian,,normal,false,false,false,,1691057486000
64cb0acaeec826fbdc36de5e,,61.55,88.64,61.55,61.72,77;0;0;0,time,15,-1,3,15.01,0,21.38,false,false,indonesian,,normal,false,false,false,,1691028170000
64cb09f1eec826fbdc300864,,71.95,91,77.55,73.92,90;4;1;0,time,15,-1,0,15.01,0,0,false,false,indonesian,,normal,false,false,false,,1691027953000
64cb09e1eec826fbdc300804,,67.96,89.69,71.16,70.2,85;2;0;0,time,15,-1,2,15.01,0,2.75,false,false,indonesian,,normal,false,false,false,,1691027937000
64cb08c5eec826fbdc3000a8,,61.55,88.42,66.34,64.62,77;1;1;0,time,15,-1,1,15.01,0,9.97,false,false,indonesian,,normal,false,false,false,,1691027653000
64cb08a5eec826fbdc2fffe2,,64.8,88.3,71.2,60.73,81;5;0;0,time,15,-1,0,15,0,0,false,false,indonesian,,normal,false,false,false,,1691027621000
64ca8236eec826fbdc29aa98,,71.18,95.92,77.58,66.53,89;2;0;0,time,15,-1,0,15,0,0,false,false,indonesian,,normal,false,false,false,,1690993206000
64ca2345eec826fbdc6eaadc,,59.98,93.1,65.58,68.4,75;0;0;1,time,15,-1,1,15,0,0.79,false,false,indonesian,,normal,false,false,false,,1690968901000
64ca2333eec826fbdc6eaa47,,70.27,94.62,70.27,67.11,88;0;0;0,time,15,-1,1,15.03,0,13.72,false,false,indonesian,,normal,false,false,false,,1690968883000
64ca2313eec826fbdc6ea955,,52.79,88.1,62.38,55.44,66;3;2;0,time,15,-1,0,15,0,0,false,false,indonesian,,normal,false,false,false,,1690968851000
64ca2302eec826fbdc6ea8dd,,70.4,93.62,70.4,74.29,88;0;0;0,time,15,-1,3,15,0,11.82,false,false,indonesian,,normal,false,false,false,,1690968834000
64ca22e0eec826fbdc6ea7f1,,78.38,94.23,78.38,64.11,98;0;0;0,time,15,-1,1,15,0,1.7,false,false,indonesian,,normal,false,false,false,,1690968800000
64ca22cdeec826fbdc6ea755,,66.36,93.75,71.96,60.17,83;0;0;1,time,15,-1,0,15.01,0,0,false,false,indonesian,,normal,false,false,false,,1690968781000
64ca2216eec826fbdc6b39d2,,76.78,94.17,76.78,74.57,96;0;0;0,time,15,-1,1,15,0,13.72,false,false,indonesian,,normal,false,false,false,,1690968598000
64c8d4ddeec826fbdcdeba0e,,67.98,92.39,69.58,64.36,85;2;0;0,time,15,-1,2,15,0,4.11,false,false,indonesian,,normal,false,false,false,,1690883293000
64c8cb55eec826fbdcca0c4a,,62.35,92.39,68.74,58.84,78;2;0;0,time,15,-1,4,15.01,0,15.06,false,false,indonesian,,normal,false,false,false,,1690880853000
64c8cb2ceec826fbdcca0b10,,77.55,100,77.55,80.55,97;0;0;0,time,15,-1,1,15.01,0,0.06,false,false,indonesian,,normal,false,false,false,,1690880812000
64c8cb18eec826fbdcca0a71,,56.8,87.64,63.2,59.45,71;2;0;0,time,15,-1,0,15,0,0,false,false,indonesian,,normal,false,false,false,,1690880792000
64c8cb07eec826fbdcca09fc,,77.55,95.1,77.55,69.53,97;0;0;0,time,15,-1,1,15.01,0,0.95,false,false,indonesian,,normal,false,false,false,,1690880775000
64c5fe0f0726bb8041ffc6b8,,66.36,90.82,74.35,72.13,83;3;0;1,time,15,-1,0,15.01,0,0,false,false,indonesian,,normal,false,false,false,,1690697231000
64c5fdfb0726bb8041ffc638,,66.4,91.43,80,65.02,83;2;0;1,time,15,-1,0,15,0,0,false,false,indonesian,,normal,false,false,false,,1690697211000
64c33fed0726bb8041a240d5,,72.8,96.88,72.8,72.17,91;0;0;0,time,15,-1,1,15,0,1.59,false,false,indonesian,,normal,false,false,false,,1690517485000
64c33fd90726bb8041a24053,,68,96.59,68,58.8,85;0;0;0,time,15,-1,0,15,0,0,false,false,indonesian,,normal,false,false,false,,1690517465000
64c33fc80726bb8041a23feb,,71.2,93.14,78.4,69.06,89;2;1;0,time,15,-1,2,15,0,2.25,false,false,indonesian,,normal,false,false,false,,1690517448000
64c037500726bb8041b5cba6,,69.6,92.31,80.8,82.96,87;5;0;0,time,15,-1,1,15,0,11.08,false,false,indonesian,,normal,false,false,false,,1690318672000
64c037310726bb8041b5cae8,,73.6,96,79.2,80.51,92;2;0;0,time,15,-1,0,15,0,0,false,false,indonesian,,normal,false,false,false,,1690318641000
64c037200726bb8041b5ca81,,76,96.12,81.6,72.96,95;3;0;0,time,15,-1,0,15,0,0,false,false,indonesian,,normal,false,false,false,,1690318624000
64c0370b0726bb8041b5c9f2,,68,93.41,68,67.33,85;0;0;0,time,15,-1,1,15,0,7.87,false,false,indonesian,,normal,false,false,false,,1690318603000
64bcb054a8e06b256c3038e1,true,89.6,100,89.6,83.88,112;0;0;0,time,15,-1,4,15,0,23.47,false,false,indonesian,,normal,false,false,false,,1690087508000
64bcaf1aa8e06b256c2cd387,,70.4,93.62,70.4,63.41,88;0;0;0,time,15,-1,0,15,0,0,false,false,indonesian,,normal,false,false,false,,1690087194000
64bcaf0aa8e06b256c2cd32d,,73.6,90.38,80,73.42,92;4;1;0,time,15,-1,0,15,0,0,false,false,indonesian,,normal,false,false,false,,1690087178000
64ba1d4ba8e06b256c310697,,64,96.39,64,61.05,80;0;0;0,time,15,-1,3,15,0,13.05,false,false,indonesian,,normal,false,false,false,,1689918795000
64b9700da8e06b256ce336a8,,79.15,96.12,79.15,74.02,99;0;0;0,time,15,-1,0,15.01,0,0,false,false,indonesian,,normal,false,false,false,,1689874445000
64b96f50a8e06b256ce33098,,71.95,92.93,75.95,71.36,90;2;0;0,time,15,-1,0,15.01,0,0,false,false,indonesian,,normal,false,false,false,,1689874256000
64b59c6ca8e06b256c754a9e,,68.8,91.84,75.2,68.95,86;3;0;1,time,15,-1,0,15,0,0,false,false,indonesian,,normal,false,false,false,,1689623660000
64b59690a8e06b256c67b58c,,62.28,92.86,62.28,57.88,78;0;0;0,time,15,-1,3,15.03,0,3.92,false,false,indonesian,,normal,false,false,false,,1689622160000
64b59677a8e06b256c67b4dc,,70.31,92.78,70.31,65.72,88;0;0;0,time,15,-1,5,15.02,0,18.39,false,false,indonesian,,normal,false,false,false,,1689622135000
64b59624a8e06b256c67b2a7,,66.78,95.19,71.98,70.51,167;1;0;1,time,30,-1,4,30.01,0,14.51,false,false,indonesian,,normal,false,false,false,,1689622052000
64b58ef7a8e06b256c5a1502,,66.36,93.92,68.75,55.68,166;1;0;0,time,30,-1,3,30.02,0,13.65,false,false,indonesian,,normal,false,false,false,,1689620215000
64b3e5f273193c702ec11a6c,,68.73,91.62,71.13,64.08,172;2;0;0,time,30,-1,1,30.03,0,0.72,false,false,indonesian,,normal,false,false,false,,1689511410000
64b3e5ac73193c702ec118aa,,75.2,94.95,75.2,70.83,94;0;0;0,time,15,-1,1,15,0,1.09,false,false,indonesian,,normal,false,false,false,,1689511340000
64b3e59873193c702ec11842,,72,91.82,88,76.82,90;6;1;0,time,15,-1,0,15,0,0,false,false,indonesian,,normal,false,false,false,,1689511320000
64b313d773193c702e316215,,77.6,96.15,81.6,72.4,97;2;0;1,time,15,-1,1,15,0,2.95,false,false,indonesian,,normal,false,false,false,,1689457623000
64b313c373193c702e3161c9,,69.55,97.8,69.55,69.63,87;0;0;0,time,15,-1,2,15.01,0,8.97,false,false,indonesian,,normal,false,false,false,,1689457603000
64b312e673193c702e2aab2d,,71.15,98.89,71.15,64.52,89;0;0;0,time,15,-1,7,15.01,0,30.99,false,false,indonesian,,normal,false,false,false,,1689457382000
64b0f6d573193c702e1ce046,,77.6,98.04,80.8,67.25,97;1;0;0,time,15,-1,2,15,0,14.01,false,false,indonesian,,normal,false,false,false,,1689319125000
64b0f6b573193c702e1cdf60,,63.2,91.84,76.8,71.03,79;4;0;1,time,15,-1,0,15,0,0,false,false,indonesian,,normal,false,false,false,,1689319092000
64b0f6a473193c702e1cdeeb,,68.75,91.58,71.15,64.62,86;3;0;0,time,15,-1,4,15.01,0,20.42,false,false,indonesian,,normal,false,false,false,,1689319076000
64b0f67c73193c702e1cddde,,71.2,92.66,87.2,78.41,89;5;0;2,time,15,-1,0,15,0,0,false,false,indonesian,,normal,false,false,false,,1689319036000
64b0f66773193c702e1cdd43,,64.76,93.48,69.55,65.88,81;1;0;0,time,15,-1,0,15.01,0,0,false,false,indonesian,,normal,false,false,false,,1689319015000
64b0f65673193c702e1cdcbb,,74.35,97,78.35,72.25,93;0;0;1,time,15,-1,1,15.01,0,0.58,false,false,indonesian,,normal,false,false,false,,1689318998000
64ab142773193c702ec54024,,77.6,92.45,83.2,74.44,97;3;2;0,time,15,-1,0,15,0,0,false,false,indonesian,,normal,false,false,false,,1688933415000
64a5116b73193c702e3e9c53,,56.76,93.42,56.76,62.24,71;0;0;0,time,15,-1,0,15.01,0,0,false,false,indonesian,,normal,false,false,false,,1688539499000
64a2832f73193c702e5ca51b,,75.15,96.91,75.15,62.19,94;0;0;0,time,15,-1,1,15.01,0,2.72,false,false,indonesian,,normal,false,false,false,,1688372015000
64a1d06273193c702e0dd747,,54.36,89.41,66.36,66.11,68;4;0;1,time,15,-1,0,15.01,0,0,false,false,indonesian,,normal,false,false,false,,1688326242000
64a0757173193c702e7715b6,,69.55,93.62,69.55,58.23,87;0;0;0,time,15,-1,2,15.01,0,6.56,false,false,indonesian,,normal,false,false,false,,1688237425000
64a05a9273193c702e417b53,,57.6,93.18,67.2,57.42,72;2;0;0,time,15,-1,4,15,0,10.45,false,false,indonesian,,normal,false,false,false,,1688230546000
64a05a7173193c702e417a6a,,72.75,96.81,72.75,73,91;0;0;0,time,15,-1,7,15.01,0,18.47,false,false,indonesian,,normal,false,false,false,,1688230513000
64a05a3d73193c702e4178f4,,61.6,92.81,61.6,59.14,154;0;0;0,time,30,-1,1,30,0,0.69,false,false,indonesian,,normal,false,false,false,,1688230461000
64a05a1b73193c702e4177f6,,63.2,95.78,63.2,59.68,158;0;0;0,time,30,-1,4,30,0,10.88,false,false,indonesian,,normal,false,false,false,,1688230427000
6499d67c969c208ffd0723f9,,70.38,94.85,75.57,77.16,176;3;0;0,time,30,-1,4,30.01,0,13.82,false,false,indonesian,,normal,false,false,false,,1687803516000
6485e8773fc01f23c8315db0,,57.18,82.23,76.37,64.04,143;19;2;2,time,30,-1,2,30.01,0,14.24,false,false,indonesian,,normal,false,false,false,,1686497399000
646f271cc7b2e74af052d5ab,,71.95,94.74,71.95,77.92,90;0;0;0,time,15,-1,2,15.01,0,1.83,false,false,indonesian,,normal,false,false,false,,1685006108000
646f2708c7b2e74af04fa77b,,59.16,85.42,67.95,59.36,74;3;0;0,time,15,-1,0,15.01,0,0,false,false,indonesian,,normal,false,false,false,,1685006088000
646d1c02c7b2e74af0943d8f,,54.4,92.77,61.6,40.64,68;1;0;0,time,15,-1,0,15,0,0,false,false,indonesian,,normal,false,false,false,,1684872194000
646d1889c7b2e74af08dc8c5,,73.6,96.84,73.6,70.23,92;0;0;0,time,15,-1,2,15,0,1.97,false,false,indonesian,,normal,false,false,false,,1684871304000
646d1874c7b2e74af08dc815,,59.16,91.36,59.16,65.66,74;0;0;0,time,15,-1,3,15.01,0,9.42,false,false,indonesian,,normal,false,false,false,,1684871284000
646d1854c7b2e74af08dc702,,67.98,92.82,73.98,64.31,170;3;0;0,time,30,-1,2,30.01,0,7.48,false,false,indonesian,,normal,false,false,false,,1684871252000
646d161bc7b2e74af0875bad,,62.76,91.48,64.76,55.44,157;1;0;0,time,30,-1,1,30.02,0,6.07,false,false,indonesian,,normal,false,false,false,,1684870683000
6468e3c6c7b2e74af0d6dd98,true,75.6,91.93,86,72.5,189;7;2;0,time,30,-1,1,30,0,0.86,false,false,indonesian,,normal,false,false,false,,1684595654000
6467ac76c7b2e74af0a310f0,,62.38,89.89,70.38,78.62,156;5;0;0,time,30,-1,8,30.01,0,27.7,false,false,indonesian,,normal,false,false,false,,1684515958000
6467ac26c7b2e74af0a30cd3,true,73.59,96.19,75.79,69.63,368;2;0;0,time,60,-1,0,60.01,0,0,false,false,indonesian,,normal,false,false,false,,1684515878000
6467abcdc7b2e74af0a30852,,63.16,91.3,69.55,57.57,79;1;1;0,time,15,-1,0,15.01,0,0,false,false,indonesian,,normal,false,false,false,,1684515789000
6467abb2c7b2e74af0a306f0,,87.2,98.2,87.2,74.46,109;0;0;0,time,15,-1,4,15,0,8.11,false,false,indonesian,,normal,false,false,false,,1684515762000
64679664c7b2e74af07c0fc4,,72.75,98.94,75.15,67.84,91;1;0;0,time,15,-1,4,15.01,0,12.92,false,false,indonesian,,normal,false,false,false,,1684510308000
64679643c7b2e74af07c0e13,,61.6,86.46,73.6,69.92,77;6;1;1,time,15,-1,1,15,0,0.04,false,false,indonesian,,normal,false,false,false,,1684510275000
64679630c7b2e74af07c0d26,,75.15,93.07,78.35,65.51,94;3;0;1,time,15,-1,3,15.01,0,2.23,false,false,indonesian,,normal,false,false,false,,1684510256000
6463f9e26d0f2738e324249d,,60.8,90.91,66.4,64.33,76;2;0;0,time,15,-1,0,15,0,0,false,false,indonesian,,normal,false,false,false,,1684273634000
6462506b6d0f2738e31c9054,,67.95,91.84,72.75,66.53,85;1;0;0,time,15,-1,1,15.01,0,2.72,false,false,indonesian,,normal,false,false,false,,1684164715000
646250556d0f2738e31c8f27,,58.36,89.47,73.55,70.79,73;2;3;1,time,15,-1,2,15.01,0,3.51,false,false,indonesian,,normal,false,false,false,,1684164693000
645feaa16d0f2738e3c379a7,,75.95,96.15,82.35,72.91,95;1;1;0,time,15,-1,10,15.01,0,23.15,false,false,indonesian,,normal,false,false,false,,1684007585000
645d13216d0f2738e39eea3e,,72.75,94.95,76.75,76.66,91;2;0;0,time,15,-1,10,15.01,0,36.69,false,false,indonesian,,normal,false,false,false,,1683821345000
645d12e16d0f2738e39ee6b5,,78.35,95.28,83.14,76.06,98;2;0;0,time,15,-1,3,15.01,0,9.03,false,false,indonesian,,normal,false,false,false,,1683821281000
645d12c46d0f2738e39ee522,,68,91.58,68,64.62,85;0;0;0,time,15,-1,3,15,0,4.82,false,false,indonesian,,normal,false,false,false,,1683821252000
645d12ab6d0f2738e39ee39f,,66.36,96.7,71.95,66.78,83;1;0;1,time,15,-1,0,15.01,0,0,false,false,indonesian,,normal,false,false,false,,1683821227000
645d12996d0f2738e39ee29f,,77.6,95.24,82.4,74.98,97;2;0;0,time,15,-1,2,15,0,9.82,false,false,indonesian,,normal,false,false,false,,1683821209000
645b7b706d0f2738e3bc2d6b,,75.2,89.52,82.4,71.91,94;8;0;1,time,15,-1,0,15,0,0,false,false,indonesian,,normal,false,false,false,,1683716976000
645b7b5f6d0f2738e3bc2cec,,62.36,91.75,76.75,56.72,78;4;1;2,time,15,-1,1,15.01,0,0.93,false,false,indonesian,,normal,false,false,false,,1683716959000
645b7b4d6d0f2738e3bc2c5b,,65.51,89.22,79.89,69.06,82;5;1;2,time,15,-1,2,15.02,0,11.17,false,false,indonesian,,normal,false,false,false,,1683716941000
645b67f96d0f2738e39c7e72,,76.8,97.96,76.8,72.13,96;0;0;0,time,15,-1,2,15,0,7.95,false,false,indonesian,,normal,false,false,false,,1683711993000
645b67de6d0f2738e39c7d9d,,70.35,94.74,70.35,59.39,88;0;0;0,time,15,-1,1,15.01,0,1.93,false,false,indonesian,,normal,false,false,false,,1683711966000
645b46626d0f2738e35d3a5a,,63.96,89.69,74.35,66.19,80;5;0;0,time,15,-1,8,15.01,0,22.22,false,false,indonesian,,normal,false,false,false,,1683703393000
645552348723e138c407121c,,56,89.9,77.6,70.31,70;3;1;1,time,15,-1,0,15,0,0,false,false,indonesian,,normal,false,false,false,,1683313204000
645552238723e138c403f83c,,60.8,87.78,65.6,58.31,76;2;0;0,time,15,-1,1,15,0,2.18,false,false,indonesian,,normal,false,false,false,,1683313187000
645552108723e138c403f757,,55.16,87.34,55.16,51.81,69;0;0;0,time,15,-1,2,15.01,0,2.54,false,false,indonesian,,normal,false,false,false,,1683313168000
6455513d8723e138c403ee8a,,64.8,92.05,64.8,76,81;0;0;0,time,15,-1,0,15,0,0,false,false,indonesian,,normal,false,false,false,,1683312957000
645551228723e138c403ed7d,,81.55,98.1,81.55,71.43,102;0;0;0,time,15,-1,2,15.01,0,11.79,false,false,indonesian,,normal,false,false,false,,1683312930000
644b871a8b42543b3798f5ea,,59.16,91.46,59.16,53.37,74;0;0;0,time,15,-1,2,15.01,0,11.22,false,false,indonesian,,normal,false,false,false,,1682671386000
644b86fc8b42543b3798f4f4,,71.95,94.74,71.95,68.6,90;0;0;0,time,15,-1,2,15.01,0,4.72,false,false,indonesian,,normal,false,false,false,,1682671356000
644811d08b42543b377c2014,,82.4,99.04,82.4,86.61,103;0;0;0,time,15,-1,5,15,0,18.34,false,false,indonesian,,normal,false,false,false,,1682444752000
644811a78b42543b377c1e35,,63.2,89.77,64,67.15,79;1;0;0,time,15,-1,2,15,0,5.26,false,false,indonesian,,normal,false,false,false,,1682444711000
64480d078b42543b376fac69,,67.11,95.45,67.11,56.09,84;0;0;0,time,15,-1,4,15.02,0,44.11,false,false,indonesian,,normal,false,false,false,,1682443527000
64480cc48b42543b376fa912,,61.58,91.23,61.58,58.48,154;0;0;0,time,30,-1,3,30.01,0,6.43,false,false,indonesian,,normal,false,false,false,,1682443460000
64456c1ce695bdeb268c2d6f,,65.18,92.66,65.18,64.36,163;0;0;0,time,30,-1,19,30.01,0,122.72,false,false,indonesian,,normal,false,false,false,,1682271260000
64456b41e695bdeb268c26ed,true,67.19,94.44,67.19,67.52,336;0;0;0,time,60,-1,5,60.01,0,18.3,false,false,indonesian,,normal,false,false,false,,1682271041000
64456adde695bdeb26860c30,,78.4,98.99,78.4,71.9,98;0;0;0,time,15,-1,0,15,0,0,false,false,indonesian,,normal,false,false,false,,1682270941000
64456ab9e695bdeb26860b11,,79.2,97.06,79.2,75.87,99;0;0;0,time,15,-1,1,15,0,0.1,false,false,indonesian,,normal,false,false,false,,1682270905000
64456aa7e695bdeb26860a68,,68.75,94.79,74.35,73.98,86;1;0;0,time,15,-1,2,15.01,0,4.81,false,false,indonesian,,normal,false,false,false,,1682270887000
64456a8fe695bdeb268609a9,,76,95.15,80.8,72.44,95;2;0;0,time,15,-1,5,15,0,11.9,false,false,indonesian,,normal,false,false,false,,1682270863000
64424388fe172b1e191f609f,true,89.54,99.12,89.54,80.69,112;0;0;0,time,15,-1,3,15.01,0,6.3,false,false,indonesian,,normal,false,false,false,,1682064264000
64423b88fe172b1e19130311,,59.92,93.02,64.71,57.34,75;3;0;3,time,15,-1,6,15.02,0,17.42,false,false,indonesian,,normal,false,false,false,,1682062216000
64423b5bfe172b1e190cee3d,true,66.78,94.35,66.78,63.83,167;0;0;0,time,30,-1,3,30.01,0,12.78,false,false,indonesian,,normal,false,false,false,,1682062171000
64423b2bfe172b1e190ceccc,,67.2,93.33,67.2,67.23,84;0;0;0,time,15,-1,2,15,0,15.88,false,false,indonesian,,normal,false,false,false,,1682062123000
64423b08fe172b1e190cebd3,,74.4,93.94,74.4,67.84,93;0;0;0,time,15,-1,3,15,0,7.02,false,false,indonesian,,normal,false,false,false,,1682062088000
64423aedfe172b1e190ceb21,,64.8,97.65,64.8,56.5,81;0;0;0,time,15,-1,13,15,0,61.02,false,false,indonesian,,normal,false,false,false,,1682062061000
6440f090003d99060835b8e3,true,55.58,90.64,65.78,63.62,278;16;0;4,time,60,-1,0,60.02,0,0,false,false,indonesian,,normal,false,false,false,,1681977488000
643923c8b32f409c52956189,true,64.4,90.96,64.4,62.28,161;0;0;0,time,30,-1,6,30,0,20.45,false,false,indonesian,,normal,false,false,false,,1681466312000
6439238ab32f409c52955fc9,,70.35,94.68,70.35,67.32,88;0;0;0,time,15,-1,6,15.01,0,36.38,false,false,indonesian,,normal,false,false,false,,1681466250000
64391cb5b32f409c528921f6,,76.75,97.96,76.75,76.38,96;0;0;0,time,15,-1,5,15.01,0,26.05,false,false,indonesian,,normal,false,false,false,,1681464501000
64391c86b32f409c52892090,,74.35,96.15,79.15,67.15,93;5;1;0,time,15,-1,8,15.01,0,33.18,false,false,indonesian,,normal,false,false,false,,1681464454000
64391c32b32f409c52891dfc,,76,95.05,76,73.18,95;0;0;0,time,15,-1,20,15,0,39.14,false,false,indonesian,,normal,false,false,false,,1681464370000
64391bd3b32f409c52891afd,true,80.8,98.06,80.8,71.93,101;0;0;0,time,15,-1,1,15,0,5.9,false,false,indonesian,,normal,false,false,false,,1681464275000